{"cameraMode":{"drawMode":0,"name":"Shaded","section":"Shading Mode"},"sceneLighting":true,"audioPlay":false,"sceneViewState":{"showFog":true,"showMaterialUpdate":false,"showSkybox":true,"showFlares":true,"showImageEffects":true,"showParticleSystems":true,"showVisualEffectGraphs":true,"m_FxEnabled":true},"in2DMode":false,"pivot":{"x":-5.752830505371094,"y":11.206991195678711,"z":14.794882774353028},"rotation":{"x":0.12779757380485536,"y":0.6747222542762756,"z":-0.12027786672115326,"w":0.7169057130813599},"size":13.436328887939454,"orthographic":false}